<?xml version="1.0" encoding="UTF-8" standalone="no"?><epcis:EPCISDocument xmlns:epcis="urn:epcglobal:epcis:xsd:1" xmlns:xsi="http://www.w3.org/2001/XMLSchema-instance" creationDate="2023-03-17T12:18:36.141-04:00" schemaVersion="1"><epcis:EPCISBody><epcis:EventList><epcis:ObjectEvent><epcis:eventTime>2023-03-17T12:18:36.223-04:00</epcis:eventTime><epcis:eventTimeZoneOffset>-04:00</epcis:eventTimeZoneOffset><epcis:epcList><epcis:epc>0130313668484053218AEEWH1E2D6DK7E17241031104HB8J004</epcis:epc><epcis:epc>013031366848405321A75WTNK8CHV19C317241031104HB8J004</epcis:epc><epcis:epc>013031366848405321CNRCYFE5BF0H82W17241031104HB8J004</epcis:epc><epcis:epc>013031366848405321FAV44ZRC655W42G17241031104HB8J004</epcis:epc></epcis:epcList><epcis:action>ADD</epcis:action><epcis:bizStep>urn:epcglobal:cbv:bizstep:commissioning</epcis:bizStep><epcis:disposition>urn:epcglobal:cbv:disp:active</epcis:disposition><epcis:readPoint><epcis:id>urn:systechcitadel.com:device:sgln:101</epcis:id></epcis:readPoint><epcis:bizLocation><epcis:id>urn:epc:id:sgln:08662190003.0.0</epcis:id></epcis:bizLocation><epcis:extension><!--@Verify By Tushar--><epcis:field name="Lot Number (Bulk)" value="4HB8J004"/><epcis:field name="Expiration Date" value="2024-10-31"/><epcis:field name="Lot Number (Repackaged)" value="N01347"/></epcis:extension></epcis:ObjectEvent></epcis:EventList></epcis:EPCISBody></epcis:EPCISDocument>